Timestamp,Redemption Count,Sales Count,year,month,dayofweek,weekday_name,Redemption Smoothed
2022-01-01,503,471,2022,1,5,Sat,
2022-01-02,345,322,2022,1,6,Sun,
2022-01-03,532,503,2022,1,0,Mon,
2022-01-04,475,412,2022,1,1,Tue,
2022-01-05,225,201,2022,1,2,Wed,
2022-01-06,358,324,2022,1,3,Thu,
2022-01-07,369,339,2022,1,4,Fri,
2022-01-08,543,477,2022,1,5,Sat,
2022-01-09,313,289,2022,1,6,Sun,
2022-01-10,224,198,2022,1,0,Mon,
2022-01-11,247,159,2022,1,1,Tue,
2022-01-12,394,282,2022,1,2,Wed,
2022-01-13,379,299,2022,1,3,Thu,
2022-01-14,405,414,2022,1,4,Fri,
2022-01-15,401,439,2022,1,5,Sat,
2022-01-16,1068,940,2022,1,6,Sun,502.7
2022-01-17,129,90,2022,1,0,Mon,501.8666666666667
2022-01-18,303,262,2022,1,1,Tue,513.2333333333333
2022-01-19,541,410,2022,1,2,Wed,511.8333333333333
2022-01-20,469,329,2022,1,3,Thu,511.6333333333333
2022-01-21,537,506,2022,1,4,Fri,523.0666666666667
2022-01-22,813,767,2022,1,5,Sat,538.1333333333333
2022-01-23,715,645,2022,1,6,Sun,557.5
2022-01-24,474,467,2022,1,0,Mon,560.6
2022-01-25,565,448,2022,1,1,Tue,569.0333333333333
2022-01-26,542,415,2022,1,2,Wed,582.8333333333334
2022-01-27,521,469,2022,1,3,Thu,586.7
2022-01-28,632,509,2022,1,4,Fri,573.5666666666667
2022-01-29,1143,1198,2022,1,5,Sat,560.9333333333333
2022-01-30,916,767,2022,1,6,Sun,550.3333333333334
2022-01-31,478,357,2022,1,0,Mon,547.1
2022-02-01,686,605,2022,2,1,Tue,530.3666666666667
2022-02-02,490,398,2022,2,2,Wed,547.6333333333333
2022-02-03,469,354,2022,2,3,Thu,552.3333333333334
2022-02-04,568,446,2022,2,4,Fri,546.5333333333333
2022-02-05,810,744,2022,2,5,Sat,545.4
2022-02-06,950,883,2022,2,6,Sun,548.2333333333333
2022-02-07,636,526,2022,2,0,Mon,554.4
2022-02-08,566,405,2022,2,1,Tue,548.5333333333333
2022-02-09,638,484,2022,2,2,Wed,555.4666666666667
2022-02-10,363,259,2022,2,3,Thu,560.8333333333334
2022-02-11,0,2,2022,2,4,Fri,561.5
2022-02-12,0,7,2022,2,5,Sat,565.1333333333333
2022-02-13,87,87,2022,2,6,Sun,556.9666666666667
2022-02-14,304,224,2022,2,0,Mon,536.4
2022-02-15,566,469,2022,2,1,Tue,528.7
2022-02-16,647,598,2022,2,2,Wed,535.6
2022-02-17,444,281,2022,2,3,Thu,535.8333333333334
2022-02-18,367,314,2022,2,4,Fri,544.7666666666667
2022-02-19,435,418,2022,2,5,Sat,551.9
2022-02-20,622,553,2022,2,6,Sun,582.1666666666666
2022-02-21,998,949,2022,2,0,Mon,571.3666666666667
2022-02-22,539,439,2022,2,1,Tue,564.2666666666667
2022-02-23,682,562,2022,2,2,Wed,568.7
2022-02-24,726,626,2022,2,3,Thu,575.3
2022-02-25,562,487,2022,2,4,Fri,572.3
2022-02-26,630,519,2022,2,5,Sat,576.7666666666667
2022-02-27,387,339,2022,2,6,Sun,586.9666666666667
2022-02-28,526,462,2022,2,0,Mon,609.6
2022-03-01,685,742,2022,3,1,Tue,618.5666666666667
2022-03-02,685,581,2022,3,2,Wed,626.8
2022-03-03,693,493,2022,3,3,Thu,660.9666666666667
2022-03-04,758,667,2022,3,4,Fri,673.8
2022-03-05,683,601,2022,3,5,Sat,674.6666666666666
2022-03-06,1476,1401,2022,3,6,Sun,707.9666666666667
2022-03-07,486,311,2022,3,0,Mon,726.9666666666667
2022-03-08,737,666,2022,3,1,Tue,733.7
2022-03-09,769,588,2022,3,2,Wed,716.9666666666667
2022-03-10,764,630,2022,3,3,Thu,725.2666666666667
2022-03-11,548,437,2022,3,4,Fri,726.9333333333333
2022-03-12,497,455,2022,3,5,Sat,728.0333333333333
2022-03-13,306,246,2022,3,6,Sun,720.1666666666666
2022-03-14,679,625,2022,3,0,Mon,718.4333333333333
2022-03-15,356,395,2022,3,1,Tue,734.9
2022-03-16,551,614,2022,3,2,Wed,734.9333333333333
2022-03-17,1591,1421,2022,3,3,Thu,740.9333333333333
2022-03-18,1032,936,2022,3,4,Fri,734.6
2022-03-19,470,357,2022,3,5,Sat,764.9
2022-03-20,1366,1442,2022,3,6,Sun,759.2333333333333
2022-03-21,1005,870,2022,3,0,Mon,766.8333333333334
2022-03-22,824,787,2022,3,1,Tue,745.0
2022-03-23,496,405,2022,3,2,Wed,751.4666666666667
2022-03-24,788,874,2022,3,3,Thu,758.2333333333333
2022-03-25,732,672,2022,3,4,Fri,761.2333333333333
2022-03-26,759,652,2022,3,5,Sat,764.9666666666667
2022-03-27,326,302,2022,3,6,Sun,798.5333333333333
2022-03-28,578,451,2022,3,0,Mon,813.0666666666667
2022-03-29,881,818,2022,3,1,Tue,871.8
2022-03-30,527,465,2022,3,2,Wed,880.9
2022-03-31,865,675,2022,3,3,Thu,909.9
2022-04-01,495,449,2022,4,4,Fri,954.1666666666666
2022-04-02,1602,1446,2022,4,5,Sat,998.8
2022-04-03,588,569,2022,4,6,Sun,1065.0333333333333
2022-04-04,911,773,2022,4,0,Mon,1075.3666666666666
2022-04-05,821,767,2022,4,1,Tue,1057.3333333333333
2022-04-06,680,591,2022,4,2,Wed,1080.9666666666667
2022-04-07,940,814,2022,4,3,Thu,1083.5333333333333
2022-04-08,859,740,2022,4,4,Fri,1144.1
2022-04-09,876,701,2022,4,5,Sat,1149.8666666666666
2022-04-10,1555,1592,2022,4,6,Sun,1269.6
2022-04-11,933,828,2022,4,0,Mon,1275.6333333333334
2022-04-12,2068,1914,2022,4,1,Tue,1309.1333333333334
2022-04-13,952,782,2022,4,2,Wed,1325.0666666666666
2022-04-14,1226,1525,2022,4,3,Thu,1352.0666666666666
2022-04-15,1879,1895,2022,4,4,Fri,1410.3
2022-04-16,2930,2779,2022,4,5,Sat,1520.1666666666667
2022-04-17,3019,2914,2022,4,6,Sun,1525.6666666666667
2022-04-18,780,676,2022,4,0,Mon,1517.8
2022-04-19,825,693,2022,4,1,Tue,1531.6
2022-04-20,1714,1420,2022,4,2,Wed,1562.5
2022-04-21,901,774,2022,4,3,Thu,1613.2333333333333
2022-04-22,2313,2240,2022,4,4,Fri,1649.7333333333333
2022-04-23,961,1213,2022,4,5,Sat,1782.1
2022-04-24,4324,3862,2022,4,6,Sun,1965.7333333333333
2022-04-25,940,833,2022,4,0,Mon,2006.4666666666667
2022-04-26,1331,2133,2022,4,1,Tue,2017.7666666666667
2022-04-27,1056,1007,2022,4,2,Wed,2068.8
2022-04-28,1691,2039,2022,4,3,Thu,2099.1
2022-04-29,2274,2182,2022,4,4,Fri,2184.5666666666666
2022-04-30,4161,3937,2022,4,5,Sat,2490.5666666666666
2022-05-01,660,742,2022,5,6,Sun,2662.0666666666666
2022-05-02,1366,1348,2022,5,0,Mon,2599.633333333333
2022-05-03,1002,826,2022,5,1,Tue,2566.9
2022-05-04,1838,1758,2022,5,2,Wed,2610.4333333333334
2022-05-05,2343,2341,2022,5,3,Thu,2658.766666666667
2022-05-06,1775,2037,2022,5,4,Fri,2709.9666666666667
2022-05-07,4911,4816,2022,5,5,Sat,2858.7
2022-05-08,6368,5809,2022,5,6,Sun,2970.9333333333334
2022-05-09,2098,2347,2022,5,0,Mon,3338.8333333333335
2022-05-10,1894,1907,2022,5,1,Tue,3278.133333333333
2022-05-11,2464,2827,2022,5,2,Wed,3316.366666666667
2022-05-12,2977,3190,2022,5,3,Thu,3342.2
2022-05-13,3516,5366,2022,5,4,Fri,3354.2
2022-05-14,10406,9337,2022,5,5,Sat,3640.9
2022-05-15,7024,6774,2022,5,6,Sun,3920.0
2022-05-16,1057,2177,2022,5,0,Mon,3922.133333333333
2022-05-17,2037,2009,2022,5,1,Tue,4035.4666666666667
2022-05-18,2086,2120,2022,5,2,Wed,4031.266666666667
2022-05-19,2275,2180,2022,5,3,Thu,4086.733333333333
2022-05-20,3250,3599,2022,5,4,Fri,4197.333333333333
2022-05-21,5363,5758,2022,5,5,Sat,4561.1
2022-05-22,5680,6231,2022,5,6,Sun,4817.4
2022-05-23,11998,10690,2022,5,0,Mon,4729.9
2022-05-24,2503,2354,2022,5,1,Tue,4556.266666666666
2022-05-25,2087,1988,2022,5,2,Wed,4624.266666666666
2022-05-26,2106,2055,2022,5,3,Thu,4643.566666666667
2022-05-27,1416,2558,2022,5,4,Fri,4766.733333333334
2022-05-28,10292,10263,2022,5,5,Sat,4930.333333333333
2022-05-29,10647,9771,2022,5,6,Sun,4926.566666666667
2022-05-30,4225,4313,2022,5,0,Mon,4755.7
2022-05-31,4060,4123,2022,5,1,Tue,4679.033333333334
2022-06-01,1240,1781,2022,6,2,Wed,4756.9
2022-06-02,2666,3223,2022,6,3,Thu,4794.3
2022-06-03,5156,5762,2022,6,4,Fri,4945.2
2022-06-04,13256,12459,2022,6,5,Sat,5423.033333333334
2022-06-05,9464,8730,2022,6,6,Sun,5956.033333333334
2022-06-06,2286,2240,2022,6,0,Mon,5906.8
2022-06-07,1159,1532,2022,6,1,Tue,5923.9
2022-06-08,4138,4043,2022,6,2,Wed,5674.833333333333
2022-06-09,2473,2883,2022,6,3,Thu,5813.133333333333
2022-06-10,6159,6695,2022,6,4,Fri,6021.1
2022-06-11,7885,7353,2022,6,5,Sat,6555.8
2022-06-12,3403,3720,2022,6,6,Sun,6726.7
2022-06-13,5280,5467,2022,6,0,Mon,6612.066666666667
2022-06-14,4724,4897,2022,6,1,Tue,6483.833333333333
2022-06-15,3393,3830,2022,6,2,Wed,6444.4
2022-06-16,3159,4210,2022,6,3,Thu,6578.3
2022-06-17,6613,8674,2022,6,4,Fri,7028.233333333334
2022-06-18,16610,15132,2022,6,5,Sat,7602.6
2022-06-19,19240,16842,2022,6,6,Sun,8003.933333333333
2022-06-20,3886,4310,2022,6,0,Mon,7877.833333333333
2022-06-21,6193,6379,2022,6,1,Tue,7641.866666666667
2022-06-22,4526,4700,2022,6,2,Wed,7837.533333333334
2022-06-23,6652,6612,2022,6,3,Thu,8050.6
2022-06-24,8326,9659,2022,6,4,Fri,8158.433333333333
2022-06-25,18147,16558,2022,6,5,Sat,8644.633333333333
2022-06-26,6543,6564,2022,6,6,Sun,9031.333333333334
2022-06-27,6853,7524,2022,6,0,Mon,9061.266666666666
2022-06-28,6800,7021,2022,6,1,Tue,9145.2
2022-06-29,3042,3963,2022,6,2,Wed,9137.6
2022-06-30,8077,9873,2022,6,3,Thu,9296.733333333334
2022-07-01,14738,15507,2022,7,4,Fri,9516.233333333334
2022-07-02,19897,19239,2022,7,5,Sat,10170.866666666667
2022-07-03,17196,17455,2022,7,6,Sun,10535.433333333332
2022-07-04,9473,9522,2022,7,0,Mon,10093.366666666667
2022-07-05,2385,3304,2022,7,1,Tue,9664.4
2022-07-06,8156,8288,2022,7,2,Wed,9778.9
2022-07-07,7551,8529,2022,7,3,Thu,9884.333333333334
2022-07-08,7373,8226,2022,7,4,Fri,10074.633333333333
2022-07-09,17059,17032,2022,7,5,Sat,10472.166666666666
2022-07-10,17760,16791,2022,7,6,Sun,10342.433333333332
2022-07-11,8783,8864,2022,7,0,Mon,10077.7
2022-07-12,5921,7349,2022,7,1,Tue,10173.066666666668
2022-07-13,5052,5941,2022,7,2,Wed,10247.133333333333
2022-07-14,9498,9738,2022,7,3,Thu,10385.633333333333
2022-07-15,9978,12617,2022,7,4,Fri,10647.133333333333
2022-07-16,22798,20498,2022,7,5,Sat,10963.4
2022-07-17,17550,16123,2022,7,6,Sun,11144.8
2022-07-18,3348,4195,2022,7,0,Mon,10974.666666666666
2022-07-19,6371,7127,2022,7,1,Tue,10718.033333333333
2022-07-20,7321,7563,2022,7,2,Wed,10707.433333333332
2022-07-21,9356,9105,2022,7,3,Thu,10741.1
2022-07-22,10235,11115,2022,7,4,Fri,10812.266666666666
2022-07-23,18578,16509,2022,7,5,Sat,11176.533333333333
2022-07-24,4434,5119,2022,7,6,Sun,11308.433333333332
2022-07-25,10205,10411,2022,7,0,Mon,10842.366666666667
2022-07-26,9404,9699,2022,7,1,Tue,10519.166666666666
2022-07-27,9075,8606,2022,7,2,Wed,10574.0
2022-07-28,10955,11314,2022,7,3,Thu,10735.866666666667
2022-07-29,10887,12061,2022,7,4,Fri,10958.733333333334
2022-07-30,17565,17227,2022,7,5,Sat,11330.166666666666
2022-07-31,20180,19425,2022,7,6,Sun,11561.133333333333
2022-08-01,14793,14337,2022,8,0,Mon,11219.566666666668
2022-08-02,9497,9741,2022,8,1,Tue,10950.433333333332
2022-08-03,9155,8922,2022,8,2,Wed,11071.566666666668
2022-08-04,3395,4138,2022,8,3,Thu,11158.633333333333
2022-08-05,10291,11095,2022,8,4,Fri,11285.566666666668
2022-08-06,18479,17099,2022,8,5,Sat,11570.066666666668
2022-08-07,11330,10645,2022,8,6,Sun,11427.466666666667
2022-08-08,3077,4170,2022,8,0,Mon,10882.766666666666
2022-08-09,8064,8811,2022,8,1,Tue,11011.933333333332
2022-08-10,10428,10431,2022,8,2,Wed,10979.566666666668
2022-08-11,10777,11081,2022,8,3,Thu,10824.166666666666
2022-08-12,11738,12419,2022,8,4,Fri,10743.266666666666
2022-08-13,20641,19525,2022,8,5,Sat,10905.933333333332
2022-08-14,16907,16278,2022,8,6,Sun,11034.5
2022-08-15,12551,12642,2022,8,0,Mon,10741.466666666667
2022-08-16,9476,9828,2022,8,1,Tue,10146.833333333334
2022-08-17,6982,7512,2022,8,2,Wed,9914.733333333334
2022-08-18,8983,9878,2022,8,3,Thu,9889.366666666667
2022-08-19,11129,12011,2022,8,4,Fri,9955.933333333332
2022-08-20,17891,16470,2022,8,5,Sat,10364.9
2022-08-21,5957,5375,2022,8,6,Sun,10273.7
2022-08-22,2237,2872,2022,8,0,Mon,9942.2
2022-08-23,8309,8648,2022,8,1,Tue,9686.1
2022-08-24,9234,9956,2022,8,2,Wed,9662.966666666667
2022-08-25,4742,5047,2022,8,3,Thu,9511.7
2022-08-26,6648,7817,2022,8,4,Fri,9308.3
2022-08-27,15835,15550,2022,8,5,Sat,9316.166666666666
2022-08-28,14744,12921,2022,8,6,Sun,9178.766666666666
2022-08-29,8774,9061,2022,8,0,Mon,8536.866666666667
2022-08-30,2341,3514,2022,8,1,Tue,8034.833333333333
2022-08-31,7830,8852,2022,8,2,Wed,7732.633333333333
2022-09-01,8736,9053,2022,9,3,Thu,7517.633333333333
2022-09-02,11152,11213,2022,9,4,Fri,7398.933333333333
2022-09-03,15664,14690,2022,9,5,Sat,7444.633333333333
2022-09-04,7555,7869,2022,9,6,Sun,7200.5
2022-09-05,8534,7890,2022,9,0,Mon,6740.6
2022-09-06,3647,3697,2022,9,1,Tue,6663.833333333333
2022-09-07,2383,2416,2022,9,2,Wed,6649.166666666667
2022-09-08,3526,3822,2022,9,3,Thu,6445.066666666667
2022-09-09,4326,5360,2022,9,4,Fri,6226.766666666666
2022-09-10,11013,10624,2022,9,5,Sat,6297.2
2022-09-11,7616,5711,2022,9,6,Sun,6115.766666666666
2022-09-12,1384,1762,2022,9,0,Mon,5629.2
2022-09-13,1846,1839,2022,9,1,Tue,5171.266666666666
2022-09-14,3485,3272,2022,9,2,Wed,4936.433333333333
2022-09-15,3026,2844,2022,9,3,Thu,4935.866666666667
2022-09-16,3421,3678,2022,9,4,Fri,4783.566666666667
2022-09-17,10354,9637,2022,9,5,Sat,4630.5
2022-09-18,3805,3500,2022,9,6,Sun,4390.3
2022-09-19,4094,4121,2022,9,0,Mon,3926.1666666666665
2022-09-20,3654,3543,2022,9,1,Tue,3738.0
2022-09-21,1797,1880,2022,9,2,Wed,3538.4666666666667
2022-09-22,2186,2084,2022,9,3,Thu,3477.4666666666667
2022-09-23,2685,2777,2022,9,4,Fri,3445.0666666666666
2022-09-24,6855,6352,2022,9,5,Sat,3443.0
2022-09-25,1205,1090,2022,9,6,Sun,3435.133333333333
2022-09-26,1238,1111,2022,9,0,Mon,3221.4666666666667
2022-09-27,1006,2161,2022,9,1,Tue,3060.233333333333
2022-09-28,1729,1687,2022,9,2,Wed,3064.4666666666667
2022-09-29,2324,2287,2022,9,3,Thu,3033.8333333333335
2022-09-30,3261,3309,2022,9,4,Fri,2985.5666666666666
2022-10-01,4144,4000,2022,10,5,Sat,2959.9
2022-10-02,3946,3793,2022,10,6,Sun,2930.5
2022-10-03,1740,1642,2022,10,0,Mon,2620.0
2022-10-04,1910,1803,2022,10,1,Tue,2524.5
2022-10-05,2548,2291,2022,10,2,Wed,2443.2
2022-10-06,1817,1665,2022,10,3,Thu,2355.0
2022-10-07,1411,1488,2022,10,4,Fri,2356.766666666667
2022-10-08,3464,3353,2022,10,5,Sat,2440.6666666666665
2022-10-09,4090,3993,2022,10,6,Sun,2499.2
2022-10-10,4603,4417,2022,10,0,Mon,2348.4333333333334
2022-10-11,2779,2465,2022,10,1,Tue,2368.133333333333
2022-10-12,1511,1401,2022,10,2,Wed,2359.6
2022-10-13,927,876,2022,10,3,Thu,2383.6
2022-10-14,2037,1994,2022,10,4,Fri,2380.9666666666667
2022-10-15,2256,2258,2022,10,5,Sat,2408.5666666666666
2022-10-16,2539,2397,2022,10,6,Sun,2364.366666666667
2022-10-17,1039,928,2022,10,0,Mon,2264.8
2022-10-18,940,750,2022,10,1,Tue,2177.1
2022-10-19,1655,1746,2022,10,2,Wed,2167.3333333333335
2022-10-20,1008,923,2022,10,3,Thu,2134.1666666666665
2022-10-21,1850,1900,2022,10,4,Fri,2103.1666666666665
2022-10-22,4703,4507,2022,10,5,Sat,2156.766666666667
2022-10-23,4441,4160,2022,10,6,Sun,2223.9
2022-10-24,2332,2127,2022,10,0,Mon,2152.4
2022-10-25,1796,1540,2022,10,1,Tue,2055.1
2022-10-26,982,875,2022,10,2,Wed,1939.7
2022-10-27,1726,1618,2022,10,3,Thu,1911.0333333333333
2022-10-28,1650,1568,2022,10,4,Fri,1883.6
2022-10-29,3152,3058,2022,10,5,Sat,1909.9666666666667
2022-10-30,1935,1710,2022,10,6,Sun,1875.9666666666667
2022-10-31,1157,958,2022,10,0,Mon,1832.9666666666667
2022-11-01,1315,1274,2022,11,1,Tue,1767.5666666666666
2022-11-02,1447,1336,2022,11,2,Wed,1752.0333333333333
2022-11-03,915,804,2022,11,3,Thu,1745.9
2022-11-04,1618,1501,2022,11,4,Fri,1711.8
2022-11-05,3425,3320,2022,11,5,Sat,1705.0
2022-11-06,3425,3330,2022,11,6,Sun,1660.0333333333333
2022-11-07,1319,1184,2022,11,0,Mon,1528.5333333333333
2022-11-08,1171,1009,2022,11,1,Tue,1409.5666666666666
2022-11-09,1141,1050,2022,11,2,Wed,1366.2333333333333
2022-11-10,1919,1732,2022,11,3,Thu,1332.2333333333333
2022-11-11,688,640,2022,11,4,Fri,1336.0666666666666
2022-11-12,1718,1611,2022,11,5,Sat,1342.3666666666666
2022-11-13,1017,966,2022,11,6,Sun,1298.7333333333333
2022-11-14,966,824,2022,11,0,Mon,1220.4666666666667
2022-11-15,577,425,2022,11,1,Tue,1181.7
2022-11-16,573,446,2022,11,2,Wed,1162.7666666666667
2022-11-17,756,583,2022,11,3,Thu,1141.3666666666666
2022-11-18,632,565,2022,11,4,Fri,1115.3666666666666
2022-11-19,804,672,2022,11,5,Sat,1105.5333333333333
2022-11-20,501,417,2022,11,6,Sun,1080.9666666666667
2022-11-21,758,593,2022,11,0,Mon,985.2
2022-11-22,872,761,2022,11,1,Tue,893.8
2022-11-23,1032,958,2022,11,2,Wed,875.5333333333333
2022-11-24,776,616,2022,11,3,Thu,869.6666666666666
2022-11-25,1097,1002,2022,11,4,Fri,854.7
2022-11-26,1915,1770,2022,11,5,Sat,810.4666666666667
2022-11-27,341,285,2022,11,6,Sun,798.6666666666666
2022-11-28,804,639,2022,11,0,Mon,762.8
2022-11-29,772,647,2022,11,1,Tue,750.9
2022-11-30,589,494,2022,11,2,Wed,735.8
2022-12-01,673,710,2022,12,3,Thu,730.4666666666667
2022-12-02,667,557,2022,12,4,Fri,734.3
2022-12-03,620,577,2022,12,5,Sat,731.5333333333333
2022-12-04,881,838,2022,12,6,Sun,727.9666666666667
2022-12-05,552,461,2022,12,0,Mon,728.0333333333333
2022-12-06,683,662,2022,12,1,Tue,736.2333333333333
2022-12-07,771,622,2022,12,2,Wed,743.0333333333333
2022-12-08,995,781,2022,12,3,Thu,736.3333333333334
2022-12-09,692,585,2022,12,4,Fri,704.5666666666667
2022-12-10,592,433,2022,12,5,Sat,678.7
2022-12-11,334,282,2022,12,6,Sun,658.9
2022-12-12,642,493,2022,12,0,Mon,612.7
2022-12-13,660,562,2022,12,1,Tue,626.9333333333333
2022-12-14,513,383,2022,12,2,Wed,626.0666666666667
2022-12-15,417,294,2022,12,3,Thu,644.0666666666667
2022-12-16,688,487,2022,12,4,Fri,652.5333333333333
2022-12-17,673,558,2022,12,5,Sat,648.7333333333333
2022-12-18,525,497,2022,12,6,Sun,650.8666666666667
2022-12-19,806,872,2022,12,0,Mon,668.7
2022-12-20,747,647,2022,12,1,Tue,653.3666666666667
2022-12-21,962,847,2022,12,2,Wed,648.6666666666666
2022-12-22,671,499,2022,12,3,Thu,647.1333333333333
2022-12-23,79,97,2022,12,4,Fri,643.8
2022-12-24,0,36,2022,12,5,Sat,643.3333333333334
2022-12-25,503,411,2022,12,6,Sun,638.2666666666667
2022-12-26,529,444,2022,12,0,Mon,643.3333333333334
2022-12-27,768,643,2022,12,1,Tue,654.2666666666667
2022-12-28,778,712,2022,12,2,Wed,652.9666666666667
2022-12-29,1312,1218,2022,12,3,Thu,649.7666666666667
2022-12-30,843,835,2022,12,4,Fri,646.0
2022-12-31,559,469,2022,12,5,Sat,660.2666666666667
2023-01-01,731,661,2023,1,6,Sun,666.6666666666666
2023-01-02,1155,1228,2023,1,0,Mon,669.8
2023-01-03,421,327,2023,1,1,Tue,663.7333333333333
2023-01-04,411,451,2023,1,2,Wed,662.7
2023-01-05,637,607,2023,1,3,Thu,655.8
2023-01-06,671,551,2023,1,4,Fri,646.3333333333334
2023-01-07,981,882,2023,1,5,Sat,647.7666666666667
2023-01-08,540,481,2023,1,6,Sun,658.0666666666667
2023-01-09,744,623,2023,1,0,Mon,689.8
2023-01-10,662,472,2023,1,1,Tue,695.3333333333334
2023-01-11,603,468,2023,1,2,Wed,700.6333333333333
2023-01-12,564,443,2023,1,3,Thu,690.1333333333333
2023-01-13,400,258,2023,1,4,Fri,685.7333333333333
2023-01-14,845,730,2023,1,5,Sat,666.3333333333334
2023-01-15,880,817,2023,1,6,Sun,649.1666666666666
2023-01-16,767,627,2023,1,0,Mon,653.0
2023-01-17,343,233,2023,1,1,Tue,645.8
2023-01-18,775,600,2023,1,2,Wed,634.9333333333333
2023-01-19,540,395,2023,1,3,Thu,645.9333333333333
2023-01-20,678,600,2023,1,4,Fri,649.1666666666666
2023-01-21,714,668,2023,1,5,Sat,631.6333333333333
2023-01-22,388,355,2023,1,6,Sun,635.2
2023-01-23,952,828,2023,1,0,Mon,627.2666666666667
2023-01-24,669,553,2023,1,1,Tue,624.5
2023-01-25,688,469,2023,1,2,Wed,628.0666666666667
2023-01-26,453,300,2023,1,3,Thu,622.4
2023-01-27,646,481,2023,1,4,Fri,624.8666666666667
2023-01-28,730,566,2023,1,5,Sat,645.0666666666667
2023-01-29,328,324,2023,1,6,Sun,676.4
2023-01-30,674,565,2023,1,0,Mon,676.7666666666667
2023-01-31,515,442,2023,1,1,Tue,677.3
2023-02-01,829,823,2023,2,2,Wed,673.4
2023-02-02,751,682,2023,2,3,Thu,689.5666666666667
2023-02-03,508,371,2023,2,4,Fri,680.9
2023-02-04,111,74,2023,2,5,Sat,693.7666666666667
2023-02-05,778,745,2023,2,6,Sun,719.5333333333333
2023-02-06,743,629,2023,2,0,Mon,749.9333333333333
2023-02-07,457,256,2023,2,1,Tue,765.4333333333333
2023-02-08,851,721,2023,2,2,Wed,752.1333333333333
2023-02-09,492,316,2023,2,3,Thu,741.3
2023-02-10,677,619,2023,2,4,Fri,746.2333333333333
2023-02-11,1170,1081,2023,2,5,Sat,748.8666666666667
2023-02-12,1340,1307,2023,2,6,Sun,757.2
2023-02-13,856,705,2023,2,0,Mon,749.7333333333333
2023-02-14,896,817,2023,2,1,Tue,767.3
2023-02-15,650,615,2023,2,2,Wed,771.6666666666666
2023-02-16,828,700,2023,2,3,Thu,786.4666666666667
2023-02-17,515,410,2023,2,4,Fri,779.3666666666667
2023-02-18,926,805,2023,2,5,Sat,778.2333333333333
2023-02-19,1451,1375,2023,2,6,Sun,790.2
2023-02-20,1626,1530,2023,2,0,Mon,811.2
2023-02-21,853,672,2023,2,1,Tue,806.8
2023-02-22,553,371,2023,2,2,Wed,816.7
2023-02-23,344,223,2023,2,3,Thu,826.8
2023-02-24,836,722,2023,2,4,Fri,822.2333333333333
2023-02-25,532,506,2023,2,5,Sat,830.8666666666667
2023-02-26,896,849,2023,2,6,Sun,830.7
2023-02-27,506,311,2023,2,0,Mon,811.4
2023-02-28,855,836,2023,2,1,Tue,784.8666666666667
2023-03-01,805,894,2023,3,2,Wed,791.3666666666667
2023-03-02,959,814,2023,3,3,Thu,791.2
2023-03-03,616,459,2023,3,4,Fri,785.4
2023-03-04,717,693,2023,3,5,Sat,781.6
2023-03-05,867,818,2023,3,6,Sun,785.6333333333333
2023-03-06,741,619,2023,3,0,Mon,792.5333333333333
2023-03-07,646,1881,2023,3,1,Tue,782.7333333333333
2023-03-08,1040,906,2023,3,2,Wed,755.4
2023-03-09,760,791,2023,3,3,Thu,750.4333333333333
2023-03-10,714,721,2023,3,4,Fri,769.4666666666667
2023-03-11,751,846,2023,3,5,Sat,768.5666666666667
2023-03-12,672,682,2023,3,6,Sun,813.3333333333334
2023-03-13,591,519,2023,3,0,Mon,820.5333333333333
2023-03-14,544,409,2023,3,1,Tue,817.5666666666667
2023-03-15,1051,1165,2023,3,2,Wed,821.1
2023-03-16,891,811,2023,3,3,Thu,824.5
2023-03-17,476,471,2023,3,4,Fri,812.8
2023-03-18,714,662,2023,3,5,Sat,823.4666666666667
2023-03-19,636,603,2023,3,6,Sun,859.9666666666667
2023-03-20,1133,1028,2023,3,0,Mon,878.6666666666666
2023-03-21,1157,997,2023,3,1,Tue,873.6333333333333
2023-03-22,806,746,2023,3,2,Wed,900.9333333333333
2023-03-23,704,728,2023,3,3,Thu,929.3
2023-03-24,1124,1020,2023,3,4,Fri,1032.9333333333334
2023-03-25,317,374,2023,3,5,Sat,1141.9333333333334
2023-03-26,2179,2115,2023,3,6,Sun,1276.0666666666666
2023-03-27,748,732,2023,3,0,Mon,1358.2666666666667
2023-03-28,807,1018,2023,3,1,Tue,1399.9
2023-03-29,612,626,2023,3,2,Wed,1485.1666666666667
2023-03-30,957,921,2023,3,3,Thu,1591.3
2023-03-31,454,594,2023,3,4,Fri,1670.3333333333333
2023-04-01,1279,1299,2023,4,5,Sat,1837.5666666666666
2023-04-02,1711,1647,2023,4,6,Sun,1988.1
2023-04-03,1278,1244,2023,4,0,Mon,1991.5333333333333
2023-04-04,716,626,2023,4,1,Tue,2004.5666666666666
2023-04-05,1560,1412,2023,4,2,Wed,2012.7666666666667
2023-04-06,1497,1520,2023,4,3,Thu,2021.4
2023-04-07,4149,4187,2023,4,4,Fri,2060.4
2023-04-08,4030,3780,2023,4,5,Sat,2077.0
2023-04-09,4738,4655,2023,4,6,Sun,2126.3
2023-04-10,3217,3211,2023,4,0,Mon,2159.266666666667
2023-04-11,1921,1875,2023,4,1,Tue,2143.633333333333
2023-04-12,3149,3158,2023,4,2,Wed,2186.2
2023-04-13,3728,3646,2023,4,3,Thu,2264.7
2023-04-14,3422,3456,2023,4,4,Fri,2291.2
2023-04-15,5908,5689,2023,4,5,Sat,2294.8333333333335
2023-04-16,4992,4892,2023,4,6,Sun,2303.5666666666666
2023-04-17,817,584,2023,4,0,Mon,2307.9666666666667
2023-04-18,1027,777,2023,4,1,Tue,2288.5
2023-04-19,1379,1150,2023,4,2,Wed,2282.866666666667
2023-04-20,1416,1250,2023,4,3,Thu,2320.4333333333334
2023-04-21,1976,1806,2023,4,4,Fri,2378.366666666667
2023-04-22,1202,1199,2023,4,5,Sat,2629.5
2023-04-23,2603,2511,2023,4,6,Sun,2555.4666666666667
2023-04-24,1306,1220,2023,4,0,Mon,2517.4666666666667
2023-04-25,1710,1528,2023,4,1,Tue,2447.4333333333334
2023-04-26,2025,1980,2023,4,2,Wed,2435.3
2023-04-27,3162,2974,2023,4,3,Thu,2479.8333333333335
2023-04-28,1407,1452,2023,4,4,Fri,2509.3333333333335
2023-04-29,1066,1005,2023,4,5,Sat,2741.3333333333335
2023-04-30,716,682,2023,4,6,Sun,2888.766666666667
2023-05-01,1411,1343,2023,5,0,Mon,2791.3
2023-05-02,1127,1071,2023,5,1,Tue,2718.0333333333333
2023-05-03,1109,1220,2023,5,2,Wed,2749.7
2023-05-04,1843,1955,2023,5,3,Thu,2799.5333333333333
2023-05-05,3298,3423,2023,5,4,Fri,2869.7
2023-05-06,9031,8732,2023,5,5,Sat,3000.766666666667
2023-05-07,1928,1771,2023,5,6,Sun,3595.766666666667
2023-05-08,2890,3190,2023,5,0,Mon,3989.0
2023-05-09,2637,2538,2023,5,1,Tue,4055.5666666666666
2023-05-10,2853,3116,2023,5,2,Wed,4083.0333333333333
2023-05-11,3257,3394,2023,5,3,Thu,4126.433333333333
2023-05-12,4034,4529,2023,5,4,Fri,4195.033333333334
2023-05-13,10688,10303,2023,5,5,Sat,4529.066666666667
2023-05-14,7845,7355,2023,5,6,Sun,4923.1
2023-05-15,2984,3044,2023,5,0,Mon,5047.8
2023-05-16,2794,3038,2023,5,1,Tue,5154.633333333333
2023-05-17,1767,1787,2023,5,2,Wed,5266.5
2023-05-18,2522,2845,2023,5,3,Thu,5378.266666666666
2023-05-19,3484,4206,2023,5,4,Fri,5518.333333333333
2023-05-20,5348,7103,2023,5,5,Sat,5923.133333333333
2023-05-21,19826,19649,2023,5,6,Sun,6181.166666666667
2023-05-22,12999,12011,2023,5,0,Mon,6029.4
2023-05-23,4600,4564,2023,5,1,Tue,6097.466666666666
2023-05-24,2130,2357,2023,5,2,Wed,6148.333333333333
2023-05-25,3012,3068,2023,5,3,Thu,6127.933333333333
2023-05-26,4083,5606,2023,5,4,Fri,6122.833333333333
2023-05-27,13183,12940,2023,5,5,Sat,6468.233333333334
2023-05-28,13228,12633,2023,5,6,Sun,6502.966666666666
2023-05-29,4807,5035,2023,5,0,Mon,6231.833333333333
2023-05-30,3921,4046,2023,5,1,Tue,6089.033333333334
2023-05-31,4767,4819,2023,5,2,Wed,6072.8
2023-06-01,4480,4842,2023,6,3,Thu,6082.233333333334
2023-06-02,5311,6589,2023,6,4,Fri,6166.233333333334
2023-06-03,13987,15395,2023,6,5,Sat,6796.466666666666
2023-06-04,11039,10496,2023,6,6,Sun,7291.766666666666
2023-06-05,4478,4739,2023,6,0,Mon,7330.5
2023-06-06,3970,4209,2023,6,1,Tue,6912.733333333334
2023-06-07,4416,3571,2023,6,2,Wed,6707.533333333334
2023-06-08,2025,2135,2023,6,3,Thu,6755.2
2023-06-09,2700,3421,2023,6,4,Fri,6830.366666666667
2023-06-10,13619,12749,2023,6,5,Sat,6915.433333333333
2023-06-11,5076,4820,2023,6,6,Sun,7237.533333333334
2023-06-12,2554,3201,2023,6,0,Mon,6913.766666666666
2023-06-13,3561,4263,2023,6,1,Tue,6539.066666666667
2023-06-14,2497,3366,2023,6,2,Wed,6575.833333333333
2023-06-15,3077,3846,2023,6,3,Thu,6722.533333333334
2023-06-16,4287,6839,2023,6,4,Fri,6802.133333333333
2023-06-17,21429,19288,2023,6,5,Sat,7273.966666666666
2023-06-18,18343,15772,2023,6,6,Sun,7358.833333333333
2023-06-19,6510,7291,2023,6,0,Mon,7328.066666666667
2023-06-20,7293,6992,2023,6,1,Tue,7285.333333333333
2023-06-21,6843,6530,2023,6,2,Wed,7619.2
2023-06-22,6030,5850,2023,6,3,Thu,7670.066666666667
2023-06-23,4385,4320,2023,6,4,Fri,7882.966666666666
2023-06-24,5564,5826,2023,6,5,Sat,8374.466666666667
2023-06-25,13746,13336,2023,6,6,Sun,8690.133333333333
2023-06-26,3470,3910,2023,6,0,Mon,8555.3
2023-06-27,1987,2334,2023,6,1,Tue,8611.933333333332
2023-06-28,5910,6077,2023,6,2,Wed,8837.533333333333
2023-06-29,8322,8327,2023,6,3,Thu,8901.0
2023-06-30,7155,8167,2023,6,4,Fri,9216.433333333332
2023-07-01,18635,17274,2023,7,5,Sat,9581.466666666667
2023-07-02,7857,7826,2023,7,6,Sun,10005.5
2023-07-03,13064,13729,2023,7,0,Mon,9555.433333333332
2023-07-04,9757,10035,2023,7,1,Tue,9222.133333333333
2023-07-05,14494,14627,2023,7,2,Wed,9380.8
2023-07-06,5496,6302,2023,7,3,Thu,9375.166666666666
2023-07-07,10803,12516,2023,7,4,Fri,9461.666666666666
2023-07-08,16770,15472,2023,7,5,Sat,9956.033333333333
2023-07-09,12170,11626,2023,7,6,Sun,10324.966666666667
2023-07-10,9574,9882,2023,7,0,Mon,10339.5
2023-07-11,6775,7556,2023,7,1,Tue,10137.233333333334
2023-07-12,9322,8866,2023,7,2,Wed,10369.133333333333
2023-07-13,5465,6651,2023,7,3,Thu,10585.633333333333
2023-07-14,11960,12817,2023,7,4,Fri,10719.133333333333
2023-07-15,14028,12296,2023,7,5,Sat,10684.033333333333
2023-07-16,17008,15684,2023,7,6,Sun,11077.5
2023-07-17,7927,8517,2023,7,0,Mon,10750.733333333334
2023-07-18,8344,9173,2023,7,1,Tue,10826.1
2023-07-19,11270,10397,2023,7,2,Wed,10711.1
2023-07-20,7124,8492,2023,7,3,Thu,10669.4
2023-07-21,9438,10787,2023,7,4,Fri,10554.6
2023-07-22,20861,19477,2023,7,5,Sat,10987.166666666666
2023-07-23,15453,14060,2023,7,6,Sun,11323.9
2023-07-24,6000,6960,2023,7,0,Mon,10936.433333333332
2023-07-25,7678,8075,2023,7,1,Tue,10748.633333333333
2023-07-26,10427,9849,2023,7,2,Wed,10858.366666666667
2023-07-27,8482,8924,2023,7,3,Thu,10819.766666666666
2023-07-28,9915,10040,2023,7,4,Fri,10940.8
2023-07-29,7269,7964,2023,7,5,Sat,11068.7
2023-07-30,18959,17902,2023,7,6,Sun,11265.333333333334
2023-07-31,8832,9636,2023,7,0,Mon,11118.266666666666
2023-08-01,10118,10113,2023,8,1,Tue,10910.933333333332
2023-08-02,9614,9533,2023,8,2,Wed,11064.066666666668
2023-08-03,8506,9829,2023,8,3,Thu,11116.333333333334
2023-08-04,11050,12283,2023,8,4,Fri,10999.3
2023-08-05,18473,17858,2023,8,5,Sat,11461.866666666667
2023-08-06,20905,19126,2023,8,6,Sun,11728.333333333334
2023-08-07,5146,5534,2023,8,0,Mon,11324.066666666668
2023-08-08,6536,7503,2023,8,1,Tue,11122.366666666667
2023-08-09,12866,12186,2023,8,2,Wed,11054.366666666667
2023-08-10,5617,6577,2023,8,3,Thu,11036.666666666666
2023-08-11,12953,12104,2023,8,4,Fri,10980.733333333334
2023-08-12,9302,10173,2023,8,5,Sat,11085.033333333333
2023-08-13,17859,16419,2023,8,6,Sun,11301.9
2023-08-14,9616,9420,2023,8,0,Mon,11387.7
2023-08-15,10788,12168,2023,8,1,Tue,11073.333333333334
2023-08-16,12521,12637,2023,8,2,Wed,11019.6
2023-08-17,9912,9780,2023,8,3,Thu,11005.233333333334
2023-08-18,7759,9057,2023,8,4,Fri,11050.9
2023-08-19,21001,20234,2023,8,5,Sat,11296.466666666667
2023-08-20,17432,15928,2023,8,6,Sun,11577.233333333334
2023-08-21,8733,8928,2023,8,0,Mon,11464.533333333333
2023-08-22,9402,9074,2023,8,1,Tue,10916.566666666668
2023-08-23,3960,4506,2023,8,2,Wed,10882.033333333333
2023-08-24,7147,8225,2023,8,3,Thu,10747.7
2023-08-25,8749,8968,2023,8,4,Fri,10433.3
2023-08-26,11611,11808,2023,8,5,Sat,10560.166666666666
2023-08-27,16421,15565,2023,8,6,Sun,10442.433333333332
2023-08-28,9843,9725,2023,8,0,Mon,10254.3
2023-08-29,9528,9402,2023,8,1,Tue,9715.766666666666
2023-08-30,7220,7784,2023,8,2,Wed,9474.266666666666
2023-08-31,9687,9526,2023,8,3,Thu,9229.5
2023-09-01,10984,11564,2023,9,4,Fri,8965.866666666667
2023-09-02,15873,15527,2023,9,5,Sat,9015.2
2023-09-03,19473,18674,2023,9,6,Sun,8983.3
2023-09-04,15092,14014,2023,9,0,Mon,8378.3
2023-09-05,4466,4998,2023,9,1,Tue,7895.133333333333
2023-09-06,4110,4061,2023,9,2,Wed,7702.8
2023-09-07,2506,2717,2023,9,3,Thu,7499.133333333333
2023-09-08,3434,4141,2023,9,4,Fri,7505.433333333333
2023-09-09,9423,9271,2023,9,5,Sat,7543.6
2023-09-10,9421,7341,2023,9,6,Sun,7501.266666666666
2023-09-11,3658,3787,2023,9,0,Mon,7220.366666666667
2023-09-12,1703,1789,2023,9,1,Tue,6743.9
2023-09-13,2371,2524,2023,9,2,Wed,6496.1
2023-09-14,3445,2857,2023,9,3,Thu,6252.366666666667
2023-09-15,4612,5078,2023,9,4,Fri,6144.366666666667
2023-09-16,11392,10728,2023,9,5,Sat,6069.866666666667
2023-09-17,6802,6152,2023,9,6,Sun,5949.566666666667
2023-09-18,2851,2942,2023,9,0,Mon,5568.5
2023-09-19,2937,2734,2023,9,1,Tue,5054.133333333333
2023-09-20,2963,2945,2023,9,2,Wed,4684.5
2023-09-21,3292,3137,2023,9,3,Thu,4647.766666666666
2023-09-22,4149,4223,2023,9,4,Fri,4609.333333333333
2023-09-23,8292,8003,2023,9,5,Sat,4680.966666666666
2023-09-24,7479,6897,2023,9,6,Sun,4644.166666666667
2023-09-25,3184,2943,2023,9,0,Mon,4418.533333333334
2023-09-26,2127,2116,2023,9,1,Tue,4329.533333333334
2023-09-27,2409,2427,2023,9,2,Wed,4267.733333333334
2023-09-28,2216,2290,2023,9,3,Thu,4291.233333333334
2023-09-29,3980,4054,2023,9,4,Fri,4281.1
2023-09-30,7452,7130,2023,9,5,Sat,4239.9
2023-10-01,7375,7037,2023,10,6,Sun,4145.666666666667
2023-10-02,4441,4289,2023,10,0,Mon,3816.733333333333
2023-10-03,4042,3867,2023,10,1,Tue,3654.233333333333
2023-10-04,4003,3885,2023,10,2,Wed,3617.9666666666667
2023-10-05,3364,3191,2023,10,3,Thu,3573.6666666666665
2023-10-06,2957,3106,2023,10,4,Fri,3507.1
2023-10-07,4655,4498,2023,10,5,Sat,3471.1
2023-10-08,2330,2206,2023,10,6,Sun,3410.3333333333335
2023-10-09,2654,2545,2023,10,0,Mon,3192.7
2023-10-10,6751,6637,2023,10,1,Tue,3016.0333333333333
2023-10-11,1804,1678,2023,10,2,Wed,2965.6666666666665
2023-10-12,2408,2252,2023,10,3,Thu,2927.6666666666665
2023-10-13,2067,1910,2023,10,4,Fri,2922.9666666666667
2023-10-14,2209,2123,2023,10,5,Sat,2981.4666666666667
2023-10-15,1785,1727,2023,10,6,Sun,2886.3333333333335
2023-10-16,1524,1409,2023,10,0,Mon,2700.366666666667
2023-10-17,1927,1812,2023,10,1,Tue,2500.0333333333333
2023-10-18,1763,1654,2023,10,2,Wed,2382.7
2023-10-19,1608,1342,2023,10,3,Thu,2279.766666666667
2023-10-20,966,838,2023,10,4,Fri,2188.4
2023-10-21,2212,2088,2023,10,5,Sat,2128.6
2023-10-22,2326,2319,2023,10,6,Sun,2092.4
2023-10-23,1763,1653,2023,10,0,Mon,1960.4
2023-10-24,2179,2079,2023,10,1,Tue,1909.3
2023-10-25,1673,1609,2023,10,2,Wed,1853.5333333333333
2023-10-26,987,884,2023,10,3,Thu,1660.0666666666666
2023-10-27,2268,2233,2023,10,4,Fri,1645.6
2023-10-28,3971,3772,2023,10,5,Sat,1606.4333333333334
2023-10-29,1126,1039,2023,10,6,Sun,1583.9333333333334
2023-10-30,1873,1815,2023,10,0,Mon,1575.0333333333333
2023-10-31,1365,1226,2023,10,1,Tue,1543.4333333333334
2023-11-01,921,844,2023,11,2,Wed,1526.2333333333333
2023-11-02,954,828,2023,11,3,Thu,1500.3666666666666
2023-11-03,1262,1094,2023,11,4,Fri,1469.3666666666666
2023-11-04,1570,1438,2023,11,5,Sat,1476.1
2023-11-05,1871,1783,2023,11,6,Sun,1484.0666666666666
2023-11-06,695,577,2023,11,0,Mon,1440.3
2023-11-07,797,671,2023,11,1,Tue,1375.1
2023-11-08,981,836,2023,11,2,Wed,1341.8
2023-11-09,947,827,2023,11,3,Thu,1298.3
2023-11-10,1370,1158,2023,11,4,Fri,1272.5
2023-11-11,1233,1155,2023,11,5,Sat,1278.9
2023-11-12,1392,1290,2023,11,6,Sun,1224.0
2023-11-13,1942,1820,2023,11,0,Mon,1168.6666666666667
2023-11-14,837,732,2023,11,1,Tue,1148.1333333333334
2023-11-15,1008,931,2023,11,2,Wed,1101.8
2023-11-16,1151,985,2023,11,3,Thu,1092.0333333333333
2023-11-17,833,735,2023,11,4,Fri,1076.7666666666667
2023-11-18,1810,1683,2023,11,5,Sat,1069.7666666666667
2023-11-19,1205,1077,2023,11,6,Sun,1042.8333333333333
2023-11-20,899,728,2023,11,0,Mon,1011.0333333333333
2023-11-21,370,220,2023,11,1,Tue,967.8333333333334
2023-11-22,764,552,2023,11,2,Wed,966.1
2023-11-23,874,676,2023,11,3,Thu,957.1
2023-11-24,899,693,2023,11,4,Fri,945.9
2023-11-25,1179,1032,2023,11,5,Sat,942.8
2023-11-26,621,549,2023,11,6,Sun,916.2666666666667
2023-11-27,2311,2154,2023,11,0,Mon,893.3333333333334
2023-11-28,510,369,2023,11,1,Tue,929.9
2023-11-29,483,393,2023,11,2,Wed,884.5
2023-11-30,1072,1047,2023,11,3,Thu,895.6666666666666
2023-12-01,463,471,2023,12,4,Fri,896.1
2023-12-02,744,557,2023,12,5,Sat,883.9333333333333
2023-12-03,454,370,2023,12,6,Sun,875.2
2023-12-04,616,465,2023,12,0,Mon,832.7666666666667
2023-12-05,575,1457,2023,12,1,Tue,826.4
2023-12-06,643,559,2023,12,2,Wed,821.8
2023-12-07,527,304,2023,12,3,Thu,840.4666666666667
2023-12-08,645,551,2023,12,4,Fri,839.6333333333333
2023-12-09,854,664,2023,12,5,Sat,825.3
2023-12-10,574,472,2023,12,6,Sun,827.0333333333333
2023-12-11,545,467,2023,12,0,Mon,819.8333333333334
2023-12-12,2489,2301,2023,12,1,Tue,823.3333333333334
2023-12-13,580,345,2023,12,2,Wed,760.5666666666667
2023-12-14,1172,1124,2023,12,3,Thu,767.5333333333333
2023-12-15,1021,901,2023,12,4,Fri,779.0666666666667
2023-12-16,786,695,2023,12,5,Sat,782.3333333333334
2023-12-17,571,458,2023,12,6,Sun,801.8
2023-12-18,537,363,2023,12,0,Mon,808.3333333333334
2023-12-19,1014,846,2023,12,1,Tue,820.9333333333333
2023-12-20,761,607,2023,12,2,Wed,826.1666666666666
2023-12-21,930,919,2023,12,3,Thu,837.2333333333333
2023-12-22,739,618,2023,12,4,Fri,835.7
2023-12-23,444,312,2023,12,5,Sat,837.1
2023-12-24,951,918,2023,12,6,Sun,832.0666666666667
2023-12-25,963,906,2023,12,0,Mon,820.6
2023-12-26,726,624,2023,12,1,Tue,813.9666666666667
2023-12-27,428,334,2023,12,2,Wed,811.5666666666667
2023-12-28,719,603,2023,12,3,Thu,744.4
2023-12-29,829,773,2023,12,4,Fri,760.5666666666667
2023-12-30,1170,1141,2023,12,5,Sat,725.6666666666666
2023-12-31,1047,953,2023,12,6,Sun,701.3
2024-01-01,940,1003,2024,1,0,Mon,691.6333333333333
2024-01-02,832,739,2024,1,1,Tue,686.4
2024-01-03,773,675,2024,1,2,Wed,684.6333333333333
2024-01-04,907,806,2024,1,3,Thu,667.1666666666666
2024-01-05,597,498,2024,1,4,Fri,660.2
2024-01-06,569,478,2024,1,5,Sat,644.0666666666667
2024-01-07,494,479,2024,1,6,Sun,646.9333333333333
2024-01-08,510,563,2024,1,0,Mon,649.6666666666666
2024-01-09,375,165,2024,1,1,Tue,626.0333333333333
2024-01-10,473,460,2024,1,2,Wed,609.2666666666667
2024-01-11,474,338,2024,1,3,Thu,603.2333333333333
2024-01-12,1065,929,2024,1,4,Fri,606.2
2024-01-13,125,86,2024,1,5,Sat,601.9666666666667
2024-01-14,290,199,2024,1,6,Sun,594.3
2024-01-15,496,297,2024,1,0,Mon,599.5333333333333
2024-01-16,414,256,2024,1,1,Tue,582.4
2024-01-17,484,275,2024,1,2,Wed,573.3666666666667
2024-01-18,490,314,2024,1,3,Thu,561.1666666666666
2024-01-19,552,578,2024,1,4,Fri,560.7666666666667
2024-01-20,446,344,2024,1,5,Sat,575.9666666666667
2024-01-21,825,732,2024,1,6,Sun,597.0666666666667
2024-01-22,526,403,2024,1,0,Mon,596.4666666666667
2024-01-23,242,137,2024,1,1,Tue,601.5666666666667
2024-01-24,460,324,2024,1,2,Wed,606.6
2024-01-25,545,350,2024,1,3,Thu,615.7333333333333
2024-01-26,517,338,2024,1,4,Fri,635.5666666666667
2024-01-27,592,512,2024,1,5,Sat,675.5
2024-01-28,599,538,2024,1,6,Sun,664.4666666666667
2024-01-29,1327,1173,2024,1,0,Mon,682.7333333333333
2024-01-30,533,441,2024,1,1,Tue,703.3333333333334
2024-01-31,669,548,2024,1,2,Wed,736.0333333333333
2024-02-01,466,476,2024,2,3,Thu,739.6666666666666
2024-02-02,761,629,2024,2,4,Fri,741.4666666666667
2024-02-03,1363,1271,2024,2,5,Sat,751.6
2024-02-04,1230,1129,2024,2,6,Sun,753.1333333333333
2024-02-05,551,380,2024,2,0,Mon,768.6
2024-02-06,647,565,2024,2,1,Tue,771.9
2024-02-07,661,571,2024,2,2,Wed,781.2333333333333
2024-02-08,649,520,2024,2,3,Thu,799.2333333333333
2024-02-09,1068,892,2024,2,4,Fri,813.6333333333333
2024-02-10,1672,1541,2024,2,5,Sat,821.1333333333333
2024-02-11,734,649,2024,2,6,Sun,829.5333333333333
2024-02-12,673,505,2024,2,0,Mon,848.8
2024-02-13,908,742,2024,2,1,Tue,869.3666666666667
2024-02-14,1477,1292,2024,2,2,Wed,843.8333333333334
2024-02-15,523,360,2024,2,3,Thu,848.3
2024-02-16,538,416,2024,2,4,Fri,864.1666666666666
2024-02-17,794,723,2024,2,5,Sat,876.1
2024-02-18,598,520,2024,2,6,Sun,881.4333333333333
2024-02-19,910,813,2024,2,0,Mon,882.1
2024-02-20,924,733,2024,2,1,Tue,872.6
2024-02-21,806,703,2024,2,2,Wed,882.1333333333333
2024-02-22,782,627,2024,2,3,Thu,908.5
2024-02-23,892,733,2024,2,4,Fri,919.5666666666667
2024-02-24,770,643,2024,2,5,Sat,913.2666666666667
2024-02-25,769,770,2024,2,6,Sun,895.0
2024-02-26,1170,1059,2024,2,0,Mon,880.2666666666667
2024-02-27,1216,1089,2024,2,1,Tue,900.6333333333333
2024-02-28,561,519,2024,2,2,Wed,981.9666666666667
2024-02-29,667,516,2024,2,3,Thu,977.3333333333334
2024-03-01,1145,1055,2024,3,4,Fri,965.4666666666667
2024-03-02,824,781,2024,3,5,Sat,989.5
2024-03-03,921,918,2024,3,6,Sun,999.3333333333334
2024-03-04,1383,2245,2024,3,0,Mon,1000.2666666666667
2024-03-05,945,851,2024,3,1,Tue,1002.9666666666667
2024-03-06,837,596,2024,3,2,Wed,998.1333333333333
2024-03-07,1438,1217,2024,3,3,Thu,994.4333333333333
2024-03-08,993,823,2024,3,4,Fri,986.1666666666666
2024-03-09,460,418,2024,3,5,Sat,992.2
2024-03-10,520,509,2024,3,6,Sun,1003.0
2024-03-11,1230,1129,2024,3,0,Mon,1016.5333333333333
2024-03-12,1345,1242,2024,3,1,Tue,1018.1
2024-03-13,3113,3086,2024,3,2,Wed,1020.0333333333333
2024-03-14,769,666,2024,3,3,Thu,1031.7666666666667
2024-03-15,1121,945,2024,3,4,Fri,1083.7
2024-03-16,1244,1183,2024,3,5,Sat,1148.9333333333334
2024-03-17,833,723,2024,3,6,Sun,1193.0666666666666
2024-03-18,822,726,2024,3,0,Mon,1221.9666666666667
2024-03-19,679,473,2024,3,1,Tue,1215.3333333333333
2024-03-20,765,671,2024,3,2,Wed,1187.8666666666666
2024-03-21,813,616,2024,3,3,Thu,1174.8
2024-03-22,558,531,2024,3,4,Fri,1185.0666666666666
2024-03-23,963,940,2024,3,5,Sat,1226.5333333333333
2024-03-24,1216,1109,2024,3,6,Sun,1305.3
2024-03-25,1176,972,2024,3,0,Mon,1329.3666666666666
2024-03-26,816,729,2024,3,1,Tue,1358.1
2024-03-27,1228,1112,2024,3,2,Wed,1386.5333333333333
2024-03-28,1568,1430,2024,3,3,Thu,1365.7
2024-03-29,2119,2028,2024,3,4,Fri,1281.8
2024-03-30,2624,2552,2024,3,5,Sat,1309.5
2024-03-31,2469,2433,2024,3,6,Sun,1347.6666666666667
2024-04-01,1691,1813,2024,4,0,Mon,1373.9666666666667
2024-04-02,722,601,2024,4,1,Tue,1411.8333333333333
2024-04-03,559,442,2024,4,2,Wed,1405.9333333333334
2024-04-04,553,360,2024,4,3,Thu,1423.9666666666667
2024-04-05,1145,1017,2024,4,4,Fri,1442.9
2024-04-06,2682,2681,2024,4,5,Sat,1467.2333333333333
2024-04-07,3356,3290,2024,4,6,Sun,1521.4666666666667
2024-04-08,1182,1195,2024,4,0,Mon,1567.5
2024-04-09,1382,1203,2024,4,1,Tue,1563.2333333333333
2024-04-10,2083,2047,2024,4,2,Wed,1577.7
2024-04-11,720,519,2024,4,3,Thu,1618.1333333333334
2024-04-12,596,511,2024,4,4,Fri,1663.5333333333333
2024-04-13,1600,1522,2024,4,5,Sat,1655.0333333333333
2024-04-14,2266,2231,2024,4,6,Sun,1658.5666666666666
2024-04-15,2033,1911,2024,4,0,Mon,1633.4666666666667
2024-04-16,1969,1721,2024,4,1,Tue,1590.4666666666667
2024-04-17,645,459,2024,4,2,Wed,1617.3
2024-04-18,1220,1152,2024,4,3,Thu,1714.7333333333333
2024-04-19,1333,1232,2024,4,4,Fri,1748.6333333333334
2024-04-20,1543,1484,2024,4,5,Sat,1930.8666666666666
2024-04-21,2185,2090,2024,4,6,Sun,1954.9333333333334
2024-04-22,2344,2150,2024,4,0,Mon,1978.5
2024-04-23,1088,920,2024,4,1,Tue,1969.2333333333333
2024-04-24,1610,1491,2024,4,2,Wed,2016.8333333333333
2024-04-25,2029,1926,2024,4,3,Thu,2032.4333333333334
2024-04-26,2590,2406,2024,4,4,Fri,2040.2333333333333
2024-04-27,1313,1316,2024,4,5,Sat,2132.3333333333335
2024-04-28,2225,2133,2024,4,6,Sun,2317.133333333333
2024-04-29,1871,1684,2024,4,0,Mon,2321.366666666667
2024-04-30,1179,1199,2024,4,1,Tue,2302.266666666667
2024-05-01,2496,2567,2024,5,2,Wed,2310.1666666666665
2024-05-02,3645,3651,2024,5,3,Thu,2353.366666666667
2024-05-03,1576,1777,2024,5,4,Fri,2401.6
2024-05-04,6020,5927,2024,5,5,Sat,2729.133333333333
2024-05-05,1867,1772,2024,5,6,Sun,3235.233333333333
2024-05-06,3389,3504,2024,5,0,Mon,3707.366666666667
2024-05-07,3078,3119,2024,5,1,Tue,3757.0
2024-05-08,2610,2497,2024,5,2,Wed,3767.1
2024-05-09,1850,1827,2024,5,3,Thu,3865.1666666666665
2024-05-10,2317,2376,2024,5,4,Fri,3987.866666666667
2024-05-11,3483,3525,2024,5,5,Sat,4063.7
2024-05-12,6140,5730,2024,5,6,Sun,4397.6
2024-05-13,1727,1799,2024,5,0,Mon,4419.7
2024-05-14,1693,1605,2024,5,1,Tue,4403.466666666666
2024-05-15,2270,2466,2024,5,2,Wed,4480.933333333333
2024-05-16,3265,3289,2024,5,3,Thu,4576.666666666667
2024-05-17,2092,3185,2024,5,4,Fri,4661.866666666667
2024-05-18,11046,11637,2024,5,5,Sat,4922.633333333333
2024-05-19,16516,16742,2024,5,6,Sun,4987.133333333333
2024-05-20,15707,14588,2024,5,0,Mon,4937.333333333333
2024-05-21,3674,3610,2024,5,1,Tue,5025.433333333333
2024-05-22,2647,2854,2024,5,2,Wed,5040.4
2024-05-23,4030,4263,2024,5,3,Thu,5073.633333333333
2024-05-24,5291,6097,2024,5,4,Fri,5075.433333333333
2024-05-25,4304,4061,2024,5,5,Sat,5339.8
2024-05-26,12607,12229,2024,5,6,Sun,5412.4
2024-05-27,1976,2386,2024,5,0,Mon,5417.633333333333
2024-05-28,1738,2421,2024,5,1,Tue,5347.6
2024-05-29,4195,4091,2024,5,2,Wed,5478.466666666666
2024-05-30,4051,3929,2024,5,3,Thu,5599.5
2024-05-31,5052,5791,2024,5,4,Fri,5734.2
2024-06-01,11468,10799,2024,6,5,Sat,6190.933333333333
2024-06-02,3511,3384,2024,6,6,Sun,6569.9
2024-06-03,4526,4868,2024,6,0,Mon,6449.2
2024-06-04,4510,4642,2024,6,1,Tue,6091.7
2024-06-05,3838,3362,2024,6,2,Wed,5933.633333333333
2024-06-06,4075,4660,2024,6,3,Thu,5972.933333333333
2024-06-07,2664,3488,2024,6,4,Fri,6085.666666666667
2024-06-08,9781,9330,2024,6,5,Sat,6187.4
2024-06-09,4495,4586,2024,6,6,Sun,6237.133333333333
2024-06-10,3640,4072,2024,6,0,Mon,6365.133333333333
2024-06-11,4039,4387,2024,6,1,Tue,6129.533333333334
2024-06-12,5653,5502,2024,6,2,Wed,6219.933333333333
2024-06-13,5324,6063,2024,6,3,Thu,6416.033333333334
2024-06-14,6311,8983,2024,6,4,Fri,6572.7
2024-06-15,16967,14695,2024,6,5,Sat,6529.933333333333
2024-06-16,13461,11349,2024,6,6,Sun,6897.833333333333
2024-06-17,7425,7231,2024,6,0,Mon,7130.233333333334
2024-06-18,5791,5743,2024,6,1,Tue,7270.2
2024-06-19,10965,11224,2024,6,2,Wed,7332.2
2024-06-20,4853,4869,2024,6,3,Thu,7516.766666666666
2024-06-21,6029,6185,2024,6,4,Fri,7707.9
2024-06-22,7082,6616,2024,6,5,Sat,8116.866666666667
2024-06-23,6783,7031,2024,6,6,Sun,8563.833333333334
2024-06-24,8144,8198,2024,6,0,Mon,8535.133333333333
2024-06-25,5539,5402,2024,6,1,Tue,8609.966666666667
2024-06-26,4688,5349,2024,6,2,Wed,8536.866666666667
2024-06-27,7621,7882,2024,6,3,Thu,8626.2
2024-06-28,8895,8565,2024,6,4,Fri,8890.133333333333
2024-06-29,2768,4531,2024,6,5,Sat,9363.966666666667
2024-06-30,16089,15800,2024,6,6,Sun,9603.266666666666
2024-07-01,18440,17363,2024,7,0,Mon,9157.8
2024-07-02,7710,8317,2024,7,1,Tue,8782.1
2024-07-03,6386,7403,2024,7,2,Wed,8817.766666666666
2024-07-04,10047,10302,2024,7,3,Thu,8935.866666666667
2024-07-05,9572,10247,2024,7,4,Fri,8949.633333333333
2024-07-06,16344,15798,2024,7,5,Sat,9380.866666666667
2024-07-07,16073,15305,2024,7,6,Sun,9641.566666666668
2024-07-08,8920,8868,2024,7,0,Mon,9704.033333333333
2024-07-09,6740,6792,2024,7,1,Tue,9775.866666666667
2024-07-10,1447,2608,2024,7,2,Wed,9625.933333333332
2024-07-11,6719,8190,2024,7,3,Thu,9798.733333333334
2024-07-12,13571,16110,2024,7,4,Fri,10036.466666666667
2024-07-13,19539,19681,2024,7,5,Sat,10373.333333333334
2024-07-14,13490,12256,2024,7,6,Sun,10585.366666666667
2024-07-15,3603,4077,2024,7,0,Mon,10808.6
2024-07-16,2190,3422,2024,7,1,Tue,10439.3
2024-07-17,8495,9029,2024,7,2,Wed,10124.433333333332
2024-07-18,9334,10034,2024,7,3,Thu,10134.833333333334
2024-07-19,11378,11857,2024,7,4,Fri,10135.366666666667
2024-07-20,17790,16725,2024,7,5,Sat,10217.966666666667
2024-07-21,13850,12745,2024,7,6,Sun,10481.733333333334
2024-07-22,8956,9191,2024,7,0,Mon,10440.2
2024-07-23,8938,8736,2024,7,1,Tue,10017.966666666667
2024-07-24,3646,4606,2024,7,2,Wed,10121.3
2024-07-25,10723,10657,2024,7,3,Thu,10200.366666666667
2024-07-26,11820,11875,2024,7,4,Fri,10292.166666666666
2024-07-27,17727,16715,2024,7,5,Sat,10633.233333333334
2024-07-28,15256,14682,2024,7,6,Sun,10447.866666666667
2024-07-29,9465,9204,2024,7,0,Mon,10069.3
2024-07-30,5010,5571,2024,7,1,Tue,9930.266666666666
2024-07-31,8994,9041,2024,7,2,Wed,10186.8
2024-08-01,8022,8222,2024,8,3,Thu,10485.433333333332
2024-08-02,6402,7102,2024,8,4,Fri,10467.133333333333
2024-08-03,12525,12684,2024,8,5,Sat,10348.833333333334
2024-08-04,17485,16444,2024,8,6,Sun,10186.966666666667
2024-08-05,15098,14828,2024,8,0,Mon,9784.366666666667
2024-08-06,3406,4787,2024,8,1,Tue,9572.566666666668
2024-08-07,12020,12052,2024,8,2,Wed,9565.666666666666
2024-08-08,9112,8057,2024,8,3,Thu,9584.7
2024-08-09,4201,5571,2024,8,4,Fri,9805.933333333332
2024-08-10,16951,15456,2024,8,5,Sat,9992.5
2024-08-11,8010,8020,2024,8,6,Sun,10047.633333333333
2024-08-12,8182,8775,2024,8,0,Mon,9778.9
2024-08-13,9319,9794,2024,8,1,Tue,9574.933333333332
2024-08-14,11299,10893,2024,8,2,Wed,9484.966666666667
2024-08-15,11149,10752,2024,8,3,Thu,9625.0
2024-08-16,7946,8294,2024,8,4,Fri,9641.9
2024-08-17,5785,5657,2024,8,5,Sat,9832.2
2024-08-18,6522,5957,2024,8,6,Sun,10188.7
2024-08-19,5712,5944,2024,8,0,Mon,10148.6
2024-08-20,7496,7858,2024,8,1,Tue,9674.933333333332
2024-08-21,8749,9626,2024,8,2,Wed,9287.2
2024-08-22,9509,9742,2024,8,3,Thu,9324.266666666666
2024-08-23,10283,10375,2024,8,4,Fri,8965.433333333332
2024-08-24,16320,15132,2024,8,5,Sat,8966.266666666666
2024-08-25,13474,13092,2024,8,6,Sun,9054.666666666666
2024-08-26,9665,9545,2024,8,0,Mon,8547.966666666667
2024-08-27,9137,9415,2024,8,1,Tue,8386.433333333332
2024-08-28,6766,6812,2024,8,2,Wed,8222.3
2024-08-29,9211,9101,2024,8,3,Thu,8049.233333333334
2024-08-30,9501,9621,2024,8,4,Fri,7815.766666666666
2024-08-31,13731,13717,2024,8,5,Sat,7791.8
2024-09-01,17097,16355,2024,9,6,Sun,7827.666666666667
2024-09-02,11322,10698,2024,9,0,Mon,7769.133333333333
2024-09-03,3275,3248,2024,9,1,Tue,7654.766666666666
2024-09-04,3466,3889,2024,9,2,Wed,7574.6
2024-09-05,4518,4452,2024,9,3,Thu,7454.166666666667
2024-09-06,1255,1585,2024,9,4,Fri,7305.5
2024-09-07,9137,9716,2024,9,5,Sat,7225.366666666667
2024-09-08,6853,5245,2024,9,6,Sun,7114.733333333334
2024-09-09,1750,2055,2024,9,0,Mon,6626.566666666667
2024-09-10,3164,3177,2024,9,1,Tue,6217.0
2024-09-11,3258,3107,2024,9,2,Wed,5949.766666666666
2024-09-12,4127,4063,2024,9,3,Thu,5768.4
2024-09-13,4295,4889,2024,9,4,Fri,5665.033333333334
2024-09-14,10430,9647,2024,9,5,Sat,5561.566666666667
2024-09-15,9022,8312,2024,9,6,Sun,5455.3
2024-09-16,4029,4063,2024,9,0,Mon,5130.166666666667
2024-09-17,3091,2976,2024,9,1,Tue,4618.333333333333
2024-09-18,3307,3265,2024,9,2,Wed,4321.8
2024-09-19,3883,3666,2024,9,3,Thu,4315.033333333334
2024-09-20,4289,4246,2024,9,4,Fri,4285.9
2024-09-21,7105,6900,2024,9,5,Sat,4343.333333333333
2024-09-22,6964,6398,2024,9,6,Sun,4394.133333333333
2024-09-23,1675,1567,2024,9,0,Mon,4162.166666666667
2024-09-24,1187,950,2024,9,1,Tue,3993.9666666666667
2024-09-25,1648,1796,2024,9,2,Wed,3987.0666666666666
2024-09-26,3696,3637,2024,9,3,Thu,3950.266666666667
2024-09-27,3665,3812,2024,9,4,Fri,3959.266666666667
2024-09-28,6107,5640,2024,9,5,Sat,3997.366666666667
2024-09-29,6313,6036,2024,9,6,Sun,3931.3
2024-09-30,3977,3844,2024,9,0,Mon,3671.266666666667
2024-10-01,1742,1810,2024,10,1,Tue,3424.7
2024-10-02,2426,2275,2024,10,2,Wed,3342.366666666667
2024-10-03,3072,2987,2024,10,3,Thu,3308.233333333333
2024-10-04,2592,2721,2024,10,4,Fri,3283.3
2024-10-05,6241,5802,2024,10,5,Sat,3305.5333333333333
2024-10-06,2779,2610,2024,10,6,Sun,3299.3
2024-10-07,2178,2124,2024,10,0,Mon,3165.2
2024-10-08,1807,1819,2024,10,1,Tue,3028.1666666666665
2024-10-09,1543,1449,2024,10,2,Wed,3027.366666666667
2024-10-10,2060,1990,2024,10,3,Thu,3047.766666666667
2024-10-11,3528,3468,2024,10,4,Fri,3037.0333333333333
2024-10-12,5270,5040,2024,10,5,Sat,3006.266666666667
2024-10-13,2313,2153,2024,10,6,Sun,2962.0
2024-10-14,2629,2561,2024,10,0,Mon,2803.3
2024-10-15,1625,1541,2024,10,1,Tue,2618.9
2024-10-16,1559,1450,2024,10,2,Wed,2553.0666666666666
2024-10-17,2067,1989,2024,10,3,Thu,2555.233333333333
2024-10-18,2559,2471,2024,10,4,Fri,2512.5333333333333
2024-10-19,4550,4428,2024,10,5,Sat,2485.5
2024-10-20,4102,4067,2024,10,6,Sun,2457.2
2024-10-21,3082,2915,2024,10,0,Mon,2283.0333333333333
2024-10-22,2853,2722,2024,10,1,Tue,2242.733333333333
2024-10-23,1651,1600,2024,10,2,Wed,2217.1
2024-10-24,1799,1540,2024,10,3,Thu,2202.133333333333
2024-10-25,1326,1217,2024,10,4,Fri,2195.766666666667
2024-10-26,2773,2570,2024,10,5,Sat,2199.233333333333
2024-10-27,2337,2176,2024,10,6,Sun,2099.4
2024-10-28,1346,1210,2024,10,0,Mon,1955.7666666666667
2024-10-29,781,671,2024,10,1,Tue,1917.5666666666666
2024-10-30,2002,1980,2024,10,2,Wed,1952.3666666666666
2024-10-31,1807,1609,2024,10,3,Thu,1920.7
2024-11-01,1145,1065,2024,11,4,Fri,1901.8
2024-11-02,2261,2126,2024,11,5,Sat,1881.0666666666666
2024-11-03,1743,1605,2024,11,6,Sun,1829.0
2024-11-04,1016,885,2024,11,0,Mon,1723.7333333333333
2024-11-05,1570,1338,2024,11,1,Tue,1612.2333333333333
2024-11-06,1409,1213,2024,11,2,Wed,1537.4666666666667
2024-11-07,1358,1228,2024,11,3,Thu,1464.6666666666667
2024-11-08,1352,1246,2024,11,4,Fri,1436.0
2024-11-09,2164,2034,2024,11,5,Sat,1407.4
2024-11-10,533,440,2024,11,6,Sun,1391.6666666666667
2024-11-11,961,818,2024,11,0,Mon,1326.9666666666667
2024-11-12,1167,945,2024,11,1,Tue,1275.1333333333334
2024-11-13,3673,3514,2024,11,2,Wed,1260.2333333333333
2024-11-14,675,563,2024,11,3,Thu,1266.4333333333334
2024-11-15,992,806,2024,11,4,Fri,1226.1333333333334
2024-11-16,1445,1316,2024,11,5,Sat,1189.7
2024-11-17,997,959,2024,11,6,Sun,1170.5666666666666
2024-11-18,1392,1215,2024,11,0,Mon,1120.6333333333334
2024-11-19,757,544,2024,11,1,Tue,1084.2
2024-11-20,839,637,2024,11,2,Wed,1069.0
2024-11-21,669,480,2024,11,3,Thu,1040.4666666666667
2024-11-22,791,668,2024,11,4,Fri,1016.2333333333333
2024-11-23,941,911,2024,11,5,Sat,991.8
2024-11-24,854,816,2024,11,6,Sun,969.6
2024-11-25,832,694,2024,11,0,Mon,915.4
2024-11-26,782,655,2024,11,1,Tue,916.7666666666667
2024-11-27,899,716,2024,11,2,Wed,904.7
2024-11-28,967,857,2024,11,3,Thu,883.2666666666667
2024-11-29,793,688,2024,11,4,Fri,782.3666666666667
2024-11-30,714,636,2024,11,5,Sat,781.4666666666667
2024-12-01,571,492,2024,12,6,Sun,762.3
2024-12-02,763,735,2024,12,0,Mon,734.6666666666666
2024-12-03,650,584,2024,12,1,Tue,725.7
2024-12-04,560,452,2024,12,2,Wed,700.5
2024-12-05,714,607,2024,12,3,Thu,703.0666666666667
2024-12-06,682,596,2024,12,4,Fri,694.5
2024-12-07,625,523,2024,12,5,Sat,693.4666666666667
2024-12-08,686,587,2024,12,6,Sun,684.3333333333334
2024-12-09,538,366,2024,12,0,Mon,667.6666666666666
2024-12-10,574,595,2024,12,1,Tue,657.8
2024-12-11,599,498,2024,12,2,Wed,654.4
2024-12-12,524,333,2024,12,3,Thu,652.1
2024-12-13,646,408,2024,12,4,Fri,649.0333333333333
2024-12-14,648,505,2024,12,5,Sat,658.0333333333333
2024-12-15,417,327,2024,12,6,Sun,641.9333333333333
2024-12-16,616,511,2024,12,0,Mon,645.4
2024-12-17,728,601,2024,12,1,Tue,659.0666666666667
2024-12-18,636,494,2024,12,2,Wed,
2024-12-19,834,771,2024,12,3,Thu,
2024-12-20,582,397,2024,12,4,Fri,
2024-12-21,638,532,2024,12,5,Sat,
2024-12-22,517,399,2024,12,6,Sun,
2024-12-23,441,386,2024,12,0,Mon,
2024-12-24,558,510,2024,12,1,Tue,
2024-12-25,730,645,2024,12,2,Wed,
2024-12-26,713,645,2024,12,3,Thu,
2024-12-27,807,650,2024,12,4,Fri,
2024-12-28,1237,1100,2024,12,5,Sat,
2024-12-29,310,255,2024,12,6,Sun,
2024-12-30,818,757,2024,12,0,Mon,
2024-12-31,981,863,2024,12,1,Tue,
